{
  "paillier": {
    "10": {
      "accuracy": 1.0,
      "precision": 1.0,
      "recall": 1.0,
      "f1_score": 1.0,
      "true_positives": 300,
      "false_positives": 0,
      "false_negatives": 0,
      "true_negatives": 0,
      "specificity": 0,
      "total_runtime": 2500.0941643714905,
      "avg_latency": 7.57604292233785,
      "std_latency": 3.695831062861503,
      "median_latency": 8.60888147354126,
      "min_latency": 1.0,
      "max_latency": 15.69457983970642,
      "p95_latency": 13.417304587364198,
      "p99_latency": 13.769361944198607,
      "throughput": 0.1439945763364885,
      "avg_encryption_time": 0.09091742399967077,
      "std_encryption_time": 0.28791371604552024,
      "total_encryption_time": 30.002749919891357,
      "avg_decryption_time": 0.09090929970596776,
      "std_decryption_time": 0.2879162890463989,
      "total_decryption_time": 30.00006890296936,
      "avg_cpu_usage": 16.574333333333335,
      "std_cpu_usage": 9.204450785885498,
      "max_cpu_usage": 30.499999999999996,
      "min_cpu_usage": -5.6,
      "total_cpu_usage": 4972.3,
      "avg_ram_usage": -0.04770833333333333,
      "std_ram_usage": 0.3801285153061583,
      "max_ram_usage": 0.46875,
      "min_ram_usage": -2.63671875,
      "total_ram_usage": -14.3125,
      "avg_ciphertext_size": 177.0,
      "std_ciphertext_size": 0.0,
      "total_ciphertext_size": 53100.0,
      "max_ciphertext_size": 177.0,
      "min_ciphertext_size": 177.0,
      "avg_payload_size": 6598.866666666667,
      "std_payload_size": 0.9584454153835721,
      "total_payload_size": 1979660.0,
      "max_payload_size": 6600.0,
      "min_payload_size": 6596.0,
      "payload_efficiency": 0.026822787751432063,
      "request_count": 360,
      "avg_requests_per_second": 0.1439945763364885,
      "latency_per_request": 7.57604292233785,
      "throughput_efficiency": 0.0003999849342680236
    },
    "100": {
      "accuracy": 1.0,
      "precision": 1.0,
      "recall": 1.0,
      "f1_score": 1.0,
      "true_positives": 3000,
      "false_positives": 0,
      "false_negatives": 0,
      "true_negatives": 0,
      "specificity": 0,
      "total_runtime": 185255.8702661991,
      "avg_latency": 61.140551242970005,
      "std_latency": 34.514076701354064,
      "median_latency": 61.642329812049866,
      "min_latency": 1.0,
      "max_latency": 122.38983678817748,
      "p95_latency": 114.9299053788185,
      "p99_latency": 119.78128154993057,
      "throughput": 0.01651769520503185,
      "avg_encryption_time": 0.009908504139865586,
      "std_encryption_time": 0.09902549184477917,
      "total_encryption_time": 30.022767543792725,
      "avg_decryption_time": 0.009901271322772841,
      "std_decryption_time": 0.09902621517600878,
      "total_decryption_time": 30.00085210800171,
      "avg_cpu_usage": 22.507700000000003,
      "std_cpu_usage": 4.985968043998938,
      "max_cpu_usage": 34.300000000000004,
      "min_cpu_usage": -11.2,
      "total_cpu_usage": 67523.1,
      "avg_ram_usage": -0.9248802083333333,
      "std_ram_usage": 2.7407016823606467,
      "max_ram_usage": 5.03125,
      "min_ram_usage": -9.71484375,
      "total_ram_usage": -2774.640625,
      "avg_ciphertext_size": 177.0,
      "std_ciphertext_size": 0.0,
      "total_ciphertext_size": 531000.0,
      "max_ciphertext_size": 177.0,
      "min_ciphertext_size": 177.0,
      "avg_payload_size": 6598.7,
      "std_payload_size": 1.0377984752470373,
      "total_payload_size": 19796100.0,
      "max_payload_size": 6600.0,
      "min_payload_size": 6597.0,
      "payload_efficiency": 0.026823465227999454,
      "request_count": 3060,
      "avg_requests_per_second": 0.01651769520503185,
      "latency_per_request": 61.140551242970005,
      "throughput_efficiency": 5.397939609487533e-06
    },
    "500": {
      "accuracy": 1.0,
      "precision": 1.0,
      "recall": 1.0,
      "f1_score": 1.0,
      "true_positives": 15000,
      "false_positives": 0,
      "false_negatives": 0,
      "true_negatives": 0,
      "specificity": 0,
      "total_runtime": 4424847.53735137,
      "avg_latency": 294.4010337559128,
      "std_latency": 168.84648676863594,
      "median_latency": 294.1882311105728,
      "min_latency": 1.0,
      "max_latency": 590.9565994739532,
      "p95_latency": 557.3486854434013,
      "p99_latency": 580.8291354489326,
      "throughput": 0.0034035070977868386,
      "avg_encryption_time": 0.0020047849127235846,
      "std_encryption_time": 0.044633187845021974,
      "total_encryption_time": 30.131917238235474,
      "avg_decryption_time": 0.0019963191496239294,
      "std_decryption_time": 0.04463356628549984,
      "total_decryption_time": 30.004676818847656,
      "avg_cpu_usage": 10.8135,
      "std_cpu_usage": 9.964124045855716,
      "max_cpu_usage": 35.300000000000004,
      "min_cpu_usage": -32.8,
      "total_cpu_usage": 162202.5,
      "avg_ram_usage": -1.8769411458333334,
      "std_ram_usage": 28.957893544469442,
      "max_ram_usage": 50.328125,
      "min_ram_usage": -50.68359375,
      "total_ram_usage": -28154.1171875,
      "avg_ciphertext_size": 177.0,
      "std_ciphertext_size": 0.0,
      "total_ciphertext_size": 2655000.0,
      "max_ciphertext_size": 177.0,
      "min_ciphertext_size": 177.0,
      "avg_payload_size": 6598.9,
      "std_payload_size": 0.9781259881511072,
      "total_payload_size": 98983500.0,
      "max_payload_size": 6600.0,
      "min_payload_size": 6597.0,
      "payload_efficiency": 0.02682265226022519,
      "request_count": 15060,
      "avg_requests_per_second": 0.0034035070977868386,
      "latency_per_request": 294.4010337559128,
      "throughput_efficiency": 2.2599648723684187e-07
    },
    "1000": {
      "accuracy": 1.0,
      "precision": 1.0,
      "recall": 1.0,
      "f1_score": 1.0,
      "true_positives": 30000,
      "false_positives": 0,
      "false_negatives": 0,
      "true_negatives": 0,
      "specificity": 0,
      "total_runtime": 18095679.913581133,
      "avg_latency": 602.5867437089954,
      "std_latency": 346.9313417000585,
      "median_latency": 602.11345744133,
      "min_latency": 1.0,
      "max_latency": 1255.9933576583862,
      "p95_latency": 1142.4197885990143,
      "p99_latency": 1202.5727467274664,
      "throughput": 0.0016611699667299835,
      "avg_encryption_time": 0.001009656745435554,
      "std_encryption_time": 0.03159137502747367,
      "total_encryption_time": 30.319992065429688,
      "avg_decryption_time": 0.0009993363808204125,
      "std_decryption_time": 0.03159170082237357,
      "total_decryption_time": 30.010071516036987,
      "avg_cpu_usage": 8.737393333333333,
      "std_cpu_usage": 8.884504838171692,
      "max_cpu_usage": 42.800000000000004,
      "min_cpu_usage": -31.4,
      "total_cpu_usage": 262121.8,
      "avg_ram_usage": -17.466877473958334,
      "std_ram_usage": 72.66441587256986,
      "max_ram_usage": 156.77734375,
      "min_ram_usage": -173.9296875,
      "total_ram_usage": -524006.32421875,
      "avg_ciphertext_size": 177.0,
      "std_ciphertext_size": 0.0,
      "total_ciphertext_size": 5310000.0,
      "max_ciphertext_size": 177.0,
      "min_ciphertext_size": 177.0,
      "avg_payload_size": 6599.066666666667,
      "std_payload_size": 0.9638048832019814,
      "total_payload_size": 197972000.0,
      "max_payload_size": 6600.0,
      "min_payload_size": 6597.0,
      "payload_efficiency": 0.026821974824722688,
      "request_count": 30060,
      "avg_requests_per_second": 0.0016611699667299835,
      "latency_per_request": 602.5867437089954,
      "throughput_efficiency": 5.526180860711855e-08
    }
  },
  "ckks": {
    "10": {
      "accuracy": 1.0,
      "precision": 1.0,
      "recall": 1.0,
      "f1_score": 1.0,
      "true_positives": 300,
      "false_positives": 0,
      "false_negatives": 0,
      "true_negatives": 0,
      "specificity": 0,
      "total_runtime": 167.3900043964386,
      "avg_latency": 0.5072424375649655,
      "std_latency": 0.157042473766102,
      "median_latency": 0.45476317405700684,
      "min_latency": 0.4292433261871338,
      "max_latency": 1.0,
      "p95_latency": 1.0,
      "p99_latency": 1.0,
      "throughput": 1.9714438815500808,
      "avg_encryption_time": 0.09503685055357035,
      "std_encryption_time": 0.28660994097511283,
      "total_encryption_time": 31.362160682678216,
      "avg_decryption_time": 0.09090936039433335,
      "std_decryption_time": 0.28791626982589974,
      "total_decryption_time": 30.000088930130005,
      "avg_cpu_usage": -0.16515151515151516,
      "std_cpu_usage": 1.7973716393111718,
      "max_cpu_usage": 8.1,
      "min_cpu_usage": -12.5,
      "total_cpu_usage": -54.5,
      "avg_ram_usage": 7.894479166666667,
      "std_ram_usage": 1.2067353614474718,
      "max_ram_usage": 10.21875,
      "min_ram_usage": 5.1875,
      "total_ram_usage": 2368.34375,
      "avg_ciphertext_size": 324541.3333333333,
      "std_ciphertext_size": 144.4012741708423,
      "total_ciphertext_size": 97362400.0,
      "max_ciphertext_size": 324880.0,
      "min_ciphertext_size": 324228.0,
      "avg_payload_size": 8525576.333333334,
      "std_payload_size": 144.4012741708423,
      "total_payload_size": 2557672900.0,
      "max_payload_size": 8525915.0,
      "min_payload_size": 8525263.0,
      "payload_efficiency": 0.038066791105305135,
      "request_count": 330,
      "avg_requests_per_second": 1.9714438815500808,
      "latency_per_request": 0.5072424375649655,
      "throughput_efficiency": 0.0059740723683335785
    },
    "100": {
      "accuracy": 1.0,
      "precision": 1.0,
      "recall": 1.0,
      "f1_score": 1.0,
      "true_positives": 3000,
      "false_positives": 0,
      "false_negatives": 0,
      "true_negatives": 0,
      "specificity": 0,
      "total_runtime": 1392.4143846035004,
      "avg_latency": 0.45954270118927404,
      "std_latency": 0.056778283701640425,
      "median_latency": 0.4500811100006103,
      "min_latency": 0.4263403415679931,
      "max_latency": 1.0,
      "p95_latency": 0.49464441537857057,
      "p99_latency": 0.5911144328117377,
      "throughput": 2.176076341571847,
      "avg_encryption_time": 0.01421885978270674,
      "std_encryption_time": 0.09859546637584453,
      "total_encryption_time": 43.08314514160142,
      "avg_decryption_time": 0.009901297053094744,
      "std_decryption_time": 0.09902621260248123,
      "total_decryption_time": 30.000930070877075,
      "avg_cpu_usage": 0.15475247524752475,
      "std_cpu_usage": 2.2029382944611005,
      "max_cpu_usage": 15.4,
      "min_cpu_usage": -14.7,
      "total_cpu_usage": 468.90000000000003,
      "avg_ram_usage": 8.18294921875,
      "std_ram_usage": 1.3677024358008112,
      "max_ram_usage": 10.47265625,
      "min_ram_usage": -36.05859375,
      "total_ram_usage": 24548.84765625,
      "avg_ciphertext_size": 324550.13333333336,
      "std_ciphertext_size": 176.5430203516993,
      "total_ciphertext_size": 973650400.0,
      "max_ciphertext_size": 324860.0,
      "min_ciphertext_size": 324144.0,
      "avg_payload_size": 8525585.133333333,
      "std_payload_size": 176.5430203516993,
      "total_payload_size": 25576755400.0,
      "max_payload_size": 8525895.0,
      "min_payload_size": 8525179.0,
      "payload_efficiency": 0.03806778400046787,
      "request_count": 3030,
      "avg_requests_per_second": 2.176076341571847,
      "latency_per_request": 0.45954270118927404,
      "throughput_efficiency": 0.0007181770104197515
    },
    "500": {
      "accuracy": 1.0,
      "precision": 1.0,
      "recall": 1.0,
      "f1_score": 1.0,
      "true_positives": 15000,
      "false_positives": 0,
      "false_negatives": 0,
      "true_negatives": 0,
      "specificity": 0,
      "total_runtime": 6865.929799318314,
      "avg_latency": 0.45681502324140477,
      "std_latency": 0.029806429639657434,
      "median_latency": 0.45156013965606684,
      "min_latency": 0.4245054721832275,
      "max_latency": 1.0,
      "p95_latency": 0.4943305730819702,
      "p99_latency": 0.5114145255088806,
      "throughput": 2.189069862248265,
      "avg_encryption_time": 0.006294136133022602,
      "std_encryption_time": 0.04444303145599096,
      "total_encryption_time": 94.6008660793297,
      "avg_decryption_time": 0.001996317896459076,
      "std_decryption_time": 0.0446335663424373,
      "total_decryption_time": 30.004657983779907,
      "avg_cpu_usage": 1.1252694610778444,
      "std_cpu_usage": 3.654240567787803,
      "max_cpu_usage": 30.0,
      "min_cpu_usage": -34.5,
      "total_cpu_usage": 16912.800000000003,
      "avg_ram_usage": 8.150734375,
      "std_ram_usage": 1.044075222700853,
      "max_ram_usage": 10.3984375,
      "min_ram_usage": -36.01171875,
      "total_ram_usage": 122261.015625,
      "avg_ciphertext_size": 324522.0,
      "std_ciphertext_size": 151.45228903208056,
      "total_ciphertext_size": 4867830000.0,
      "max_ciphertext_size": 324764.0,
      "min_ciphertext_size": 324164.0,
      "avg_payload_size": 8525557.0,
      "std_payload_size": 151.45228903208056,
      "total_payload_size": 127883355000.0,
      "max_payload_size": 8525799.0,
      "min_payload_size": 8525199.0,
      "payload_efficiency": 0.03806460973752213,
      "request_count": 15030,
      "avg_requests_per_second": 2.189069862248265,
      "latency_per_request": 0.45681502324140477,
      "throughput_efficiency": 0.0001456466974217076
    },
    "1000": {
      "accuracy": 1.0,
      "precision": 1.0,
      "recall": 1.0,
      "f1_score": 1.0,
      "true_positives": 30054,
      "false_positives": 0,
      "false_negatives": 0,
      "true_negatives": 0,
      "specificity": 0,
      "total_runtime": 13770.48450756073,
      "avg_latency": 0.45773449366974905,
      "std_latency": 0.026978895196718953,
      "median_latency": 0.452617883682251,
      "min_latency": 0.4259045124053955,
      "max_latency": 2.385769844055176,
      "p95_latency": 0.494995653629303,
      "p99_latency": 0.5118466329574585,
      "throughput": 2.1846725860286385,
      "avg_encryption_time": 0.005317805461974793,
      "std_encryption_time": 0.03142926653825868,
      "total_encryption_time": 159.98085951804967,
      "avg_decryption_time": 0.0009975717939796037,
      "std_decryption_time": 0.031563361424851014,
      "total_decryption_time": 30.010949850082397,
      "avg_cpu_usage": 1.7042547533572663,
      "std_cpu_usage": 3.5751818396694826,
      "max_cpu_usage": 22.6,
      "min_cpu_usage": -31.199999999999996,
      "total_cpu_usage": 51270.799999999996,
      "avg_ram_usage": 8.289889656950821,
      "std_ram_usage": 1.0769813820182625,
      "max_ram_usage": 10.609375,
      "min_ram_usage": 4.0625,
      "total_ram_usage": 249144.34375,
      "avg_ciphertext_size": 324511.01430757967,
      "std_ciphertext_size": 148.3164928342168,
      "total_ciphertext_size": 9752854024.0,
      "max_ciphertext_size": 324848.0,
      "min_ciphertext_size": 324228.0,
      "avg_payload_size": 8525547.142676516,
      "std_payload_size": 151.01878145542364,
      "total_payload_size": 256226793826.0,
      "max_payload_size": 8526219.0,
      "min_payload_size": 8525263.0,
      "payload_efficiency": 0.03806336518663628,
      "request_count": 30084,
      "avg_requests_per_second": 2.1846725860286385,
      "latency_per_request": 0.45773449366974905,
      "throughput_efficiency": 7.261908609322691e-05
    }
  }
}