{
  "paillier": {
    "100": {
      "accuracy": 1.0,
      "precision": 1.0,
      "recall": 1.0,
      "f1_score": 1.0,
      "avg_total_time": 61.140551242970005,
      "std_total_time": 34.514076701354064,
      "median_total_time": 61.642329812049866,
      "min_total_time": 1.0,
      "max_total_time": 122.38983678817748,
      "avg_encryption_time": 0.009908504139865586,
      "std_encryption_time": 0.09902549184477917,
      "avg_decryption_time": 0.009901271322772841,
      "std_decryption_time": 0.09902621517600878,
      "throughput": 0.01651769520503185,
      "avg_cpu_usage": 22.507700000000003,
      "std_cpu_usage": 4.985968043998938,
      "max_cpu_usage": 34.300000000000004,
      "avg_ram_usage": -0.9248802083333333,
      "std_ram_usage": 2.7407016823606467,
      "max_ram_usage": 5.03125,
      "avg_ciphertext_size": 177.0,
      "std_ciphertext_size": 0.0,
      "total_ciphertext_size": 531000.0,
      "avg_payload_size": 6598.7,
      "std_payload_size": 1.0377984752470373,
      "total_payload_size": 19796100.0
    },
    "500": {
      "accuracy": 1.0,
      "precision": 1.0,
      "recall": 1.0,
      "f1_score": 1.0,
      "avg_total_time": 294.4010337559128,
      "std_total_time": 168.84648676863594,
      "median_total_time": 294.1882311105728,
      "min_total_time": 1.0,
      "max_total_time": 590.9565994739532,
      "avg_encryption_time": 0.0020047849127235846,
      "std_encryption_time": 0.044633187845021974,
      "avg_decryption_time": 0.0019963191496239294,
      "std_decryption_time": 0.04463356628549984,
      "throughput": 0.0034035070977868386,
      "avg_cpu_usage": 10.8135,
      "std_cpu_usage": 9.964124045855716,
      "max_cpu_usage": 35.300000000000004,
      "avg_ram_usage": -1.8769411458333334,
      "std_ram_usage": 28.957893544469442,
      "max_ram_usage": 50.328125,
      "avg_ciphertext_size": 177.0,
      "std_ciphertext_size": 0.0,
      "total_ciphertext_size": 2655000.0,
      "avg_payload_size": 6598.9,
      "std_payload_size": 0.9781259881511072,
      "total_payload_size": 98983500.0
    },
    "1000": {
      "accuracy": 1.0,
      "precision": 1.0,
      "recall": 1.0,
      "f1_score": 1.0,
      "avg_total_time": 602.5867437089954,
      "std_total_time": 346.9313417000585,
      "median_total_time": 602.11345744133,
      "min_total_time": 1.0,
      "max_total_time": 1255.9933576583862,
      "avg_encryption_time": 0.001009656745435554,
      "std_encryption_time": 0.03159137502747367,
      "avg_decryption_time": 0.0009993363808204125,
      "std_decryption_time": 0.03159170082237357,
      "throughput": 0.0016611699667299835,
      "avg_cpu_usage": 8.737393333333333,
      "std_cpu_usage": 8.884504838171692,
      "max_cpu_usage": 42.800000000000004,
      "avg_ram_usage": -17.466877473958334,
      "std_ram_usage": 72.66441587256986,
      "max_ram_usage": 156.77734375,
      "avg_ciphertext_size": 177.0,
      "std_ciphertext_size": 0.0,
      "total_ciphertext_size": 5310000.0,
      "avg_payload_size": 6599.066666666667,
      "std_payload_size": 0.9638048832019814,
      "total_payload_size": 197972000.0
    },
    "10": {
      "accuracy": 1.0,
      "precision": 1.0,
      "recall": 1.0,
      "f1_score": 1.0,
      "avg_total_time": 7.57604292233785,
      "std_total_time": 3.695831062861503,
      "median_total_time": 8.60888147354126,
      "min_total_time": 1.0,
      "max_total_time": 15.69457983970642,
      "avg_encryption_time": 0.09091742399967077,
      "std_encryption_time": 0.28791371604552024,
      "avg_decryption_time": 0.09090929970596776,
      "std_decryption_time": 0.2879162890463989,
      "throughput": 0.1439945763364885,
      "avg_cpu_usage": 16.574333333333335,
      "std_cpu_usage": 9.204450785885498,
      "max_cpu_usage": 30.499999999999996,
      "avg_ram_usage": -0.04770833333333333,
      "std_ram_usage": 0.3801285153061583,
      "max_ram_usage": 0.46875,
      "avg_ciphertext_size": 177.0,
      "std_ciphertext_size": 0.0,
      "total_ciphertext_size": 53100.0,
      "avg_payload_size": 6598.866666666667,
      "std_payload_size": 0.9584454153835721,
      "total_payload_size": 1979660.0
    }
  },
  "ckks": {
    "10": {
      "accuracy": 1.0,
      "precision": 1.0,
      "recall": 1.0,
      "f1_score": 1.0,
      "avg_total_time": 0.5072424375649655,
      "std_total_time": 0.157042473766102,
      "median_total_time": 0.45476317405700684,
      "min_total_time": 0.4292433261871338,
      "max_total_time": 1.0,
      "avg_encryption_time": 0.09503685055357035,
      "std_encryption_time": 0.28660994097511283,
      "avg_decryption_time": 0.09090936039433335,
      "std_decryption_time": 0.28791626982589974,
      "throughput": 1.9714438815500808,
      "avg_cpu_usage": -0.16515151515151516,
      "std_cpu_usage": 1.7973716393111718,
      "max_cpu_usage": 8.1,
      "avg_ram_usage": 7.894479166666667,
      "std_ram_usage": 1.2067353614474718,
      "max_ram_usage": 10.21875,
      "avg_ciphertext_size": 324541.3333333333,
      "std_ciphertext_size": 144.4012741708423,
      "total_ciphertext_size": 97362400.0,
      "avg_payload_size": 8525576.333333334,
      "std_payload_size": 144.4012741708423,
      "total_payload_size": 2557672900.0
    },
    "100": {
      "accuracy": 1.0,
      "precision": 1.0,
      "recall": 1.0,
      "f1_score": 1.0,
      "avg_total_time": 0.45954270118927404,
      "std_total_time": 0.056778283701640425,
      "median_total_time": 0.4500811100006103,
      "min_total_time": 0.4263403415679931,
      "max_total_time": 1.0,
      "avg_encryption_time": 0.01421885978270674,
      "std_encryption_time": 0.09859546637584453,
      "avg_decryption_time": 0.009901297053094744,
      "std_decryption_time": 0.09902621260248123,
      "throughput": 2.176076341571847,
      "avg_cpu_usage": 0.15475247524752475,
      "std_cpu_usage": 2.2029382944611005,
      "max_cpu_usage": 15.4,
      "avg_ram_usage": 8.18294921875,
      "std_ram_usage": 1.3677024358008112,
      "max_ram_usage": 10.47265625,
      "avg_ciphertext_size": 324550.13333333336,
      "std_ciphertext_size": 176.5430203516993,
      "total_ciphertext_size": 973650400.0,
      "avg_payload_size": 8525585.133333333,
      "std_payload_size": 176.5430203516993,
      "total_payload_size": 25576755400.0
    },
    "500": {
      "accuracy": 1.0,
      "precision": 1.0,
      "recall": 1.0,
      "f1_score": 1.0,
      "avg_total_time": 0.45681502324140477,
      "std_total_time": 0.029806429639657434,
      "median_total_time": 0.45156013965606684,
      "min_total_time": 0.4245054721832275,
      "max_total_time": 1.0,
      "avg_encryption_time": 0.006294136133022602,
      "std_encryption_time": 0.04444303145599096,
      "avg_decryption_time": 0.001996317896459076,
      "std_decryption_time": 0.0446335663424373,
      "throughput": 2.189069862248265,
      "avg_cpu_usage": 1.1252694610778444,
      "std_cpu_usage": 3.654240567787803,
      "max_cpu_usage": 30.0,
      "avg_ram_usage": 8.150734375,
      "std_ram_usage": 1.044075222700853,
      "max_ram_usage": 10.3984375,
      "avg_ciphertext_size": 324522.0,
      "std_ciphertext_size": 151.45228903208056,
      "total_ciphertext_size": 4867830000.0,
      "avg_payload_size": 8525557.0,
      "std_payload_size": 151.45228903208056,
      "total_payload_size": 127883355000.0
    },
    "1000": {
      "accuracy": 1.0,
      "precision": 1.0,
      "recall": 1.0,
      "f1_score": 1.0,
      "avg_total_time": 0.45773449366974905,
      "std_total_time": 0.026978895196718953,
      "median_total_time": 0.452617883682251,
      "min_total_time": 0.4259045124053955,
      "max_total_time": 2.385769844055176,
      "avg_encryption_time": 0.005317805461974793,
      "std_encryption_time": 0.03142926653825868,
      "avg_decryption_time": 0.0009975717939796037,
      "std_decryption_time": 0.031563361424851014,
      "throughput": 2.1846725860286385,
      "avg_cpu_usage": 1.7042547533572663,
      "std_cpu_usage": 3.5751818396694826,
      "max_cpu_usage": 22.6,
      "avg_ram_usage": 8.289889656950821,
      "std_ram_usage": 1.0769813820182625,
      "max_ram_usage": 10.609375,
      "avg_ciphertext_size": 324511.01430757967,
      "std_ciphertext_size": 148.3164928342168,
      "total_ciphertext_size": 9752854024.0,
      "avg_payload_size": 8525547.142676516,
      "std_payload_size": 151.01878145542364,
      "total_payload_size": 256226793826.0
    }
  }
}